"Alice was beginning to get very tired of sitting by her sister on the bank, and of having nothing to do",tired,"tensor([-1.3606e+00,  1.9754e+00, -3.7678e+00, -2.6940e+00,  3.3231e+00,
        -7.5041e-01,  1.9936e+00,  3.1397e-01,  2.1288e+00,  3.6176e+00,
         1.6167e+00,  2.8764e+00,  6.1845e-01,  1.1989e+00, -4.6309e-01,
        -2.7674e-01, -6.0679e-01, -8.6432e-01,  1.5059e+00, -5.4462e+00,
        -2.1143e+00, -3.4536e-01,  8.5568e-01,  1.5885e+00,  1.9240e-02,
        -4.5241e+00,  2.3175e-01,  2.3439e+00,  3.3768e+00,  2.2136e+00,
        -8.8685e-01,  2.7881e+00, -3.1343e+00, -1.0411e+00,  3.9433e-01,
         4.7178e-01, -2.3700e-01,  1.2857e+00,  1.8403e+00, -4.7287e-01,
         1.4797e+00,  3.9592e+00, -3.8251e+00,  1.6183e+00, -2.6220e+00,
         4.4064e+00,  1.5116e+00, -3.3461e+00, -1.6865e+00, -1.6414e+00,
         2.1581e+00,  5.4541e+00, -1.0822e+00, -6.0668e+00, -3.4687e-01,
         1.6928e+00, -1.3545e+00,  3.6899e-01, -4.8566e+00,  1.3045e+00,
        -4.5241e+00,  2.6967e-01, -1.1976e+00,  1.8584e+00,  4.2604e-01,
        -5.7067e+00,  2.8584e+00, -1.5868e+00, -1.4294e-01, -2.8215e+00,
        -2.4780e+00, -2.0411e+00,  3.7802e+00, -3.8336e+00,  2.7347e-01,
         5.8801e+00,  1.2639e-01, -5.5512e+00, -2.5407e+00, -4.7196e+00,
         3.3342e+00,  8.2391e+00, -3.5379e-01,  5.5626e+00,  2.7588e+00,
        -5.2929e-01,  1.1208e+00, -2.5283e+00, -8.7393e-01,  2.0725e+00,
        -1.0019e-01, -1.8987e+00,  4.6862e-01,  4.1591e-01,  2.1056e+00,
        -1.9381e-02, -3.3661e+00, -5.6190e+00, -2.0422e+00, -2.2200e+00,
         5.2705e+00,  3.0697e+00, -1.6018e+00,  1.7697e+00,  5.0241e-01,
        -6.7343e-01,  5.3286e+00, -1.7763e+00, -3.8704e+00,  5.4163e+00,
         2.6349e+00, -4.8518e-01, -3.2456e+00,  5.9627e-01,  3.1260e-01,
        -3.0404e+00, -1.1165e+00,  2.4569e+00,  1.3704e+00, -2.9399e-01,
        -2.8059e+00, -1.0412e+00,  3.0109e+00, -3.9802e+00,  1.6415e+00,
        -2.1697e+00, -2.3195e+00, -2.1636e+00,  4.9161e+00, -2.1362e+00,
        -2.5680e+00, -5.9561e+00,  8.2960e-01,  6.4414e-01, -4.3685e+00,
         2.4481e+00,  1.6556e+00,  4.5921e+00, -3.7127e+00,  1.2290e+00,
        -5.5775e-01,  1.6557e+00, -2.8114e+00, -1.1465e+00,  3.6300e+00,
         3.8518e+00, -4.3634e+00, -2.8224e+00, -2.9506e+00,  1.5310e+00,
        -7.3187e+00,  3.3485e+00,  6.3248e-01, -6.2270e-01, -1.8115e+00,
        -3.2265e+00,  9.2683e-01,  4.6501e+00,  1.1080e+00,  2.3558e+00,
        -8.5473e+00,  3.2239e-01, -1.3021e-01, -4.6063e-01, -1.1051e+00,
        -2.0509e+00, -2.0559e+00, -3.5703e-02, -6.3984e+00,  9.9500e-01,
         1.3727e+00,  2.8031e-01,  6.1903e-01,  6.2006e+00, -2.6128e+00,
         1.6699e+00,  2.5230e-01, -3.5986e+00, -2.0403e+00,  3.8453e-01,
        -1.1844e+00,  1.3040e+00, -4.9803e-01, -8.4538e-01,  7.0661e-01,
        -2.8889e+00, -9.5212e-01, -1.0335e+00,  5.7079e+00,  3.0327e+00,
         2.2918e+00,  5.1018e-01,  2.5743e+00,  1.8394e+00, -4.0835e+00,
        -4.5638e+00, -1.8993e+00, -3.7924e-01, -3.2097e+00,  4.1365e+00,
        -4.8013e+00,  3.0858e+00, -3.0920e-01,  2.1893e+00,  1.1474e-01,
        -3.3102e+00, -6.3050e+00, -1.0512e+00, -6.8816e-01,  6.1381e-01,
         4.8765e+00, -5.7583e+00,  7.1517e-01,  2.3932e+00, -2.6186e+00,
         2.1753e+00, -3.5778e+00, -7.3128e-01,  1.4477e+00,  1.1209e+00,
         9.2684e-01, -2.8708e+00, -8.4514e-01, -4.7106e+00, -2.4392e+00,
         4.8853e-01, -2.7836e+00, -4.2396e+00,  1.3162e+00,  1.4844e+00,
        -1.7802e+00, -3.0728e-01,  1.9165e+00, -3.2609e-01,  2.1609e+00,
         2.8815e-01,  1.7349e+00, -5.7602e+00, -8.1801e-01, -6.3888e+00,
         1.6764e+00, -4.8800e-02,  4.5670e+00,  6.0512e+00, -6.0230e-01,
        -4.1046e+00,  2.7257e+00,  3.0186e+00, -1.7207e+00, -4.8741e+00,
         1.3920e+00,  2.0355e+00, -5.0636e-01,  1.6221e+00,  1.2156e+00,
        -3.3215e+00,  5.8325e-01, -2.0693e-01,  1.0162e+00,  1.5086e+00,
         6.8951e-01,  4.2971e+00, -2.5124e+00,  7.4416e-01,  3.1947e-01,
        -9.3912e-01, -3.1063e+00, -2.1500e+00, -1.2090e+00,  1.8318e+00,
        -2.0053e+00, -7.4094e+00, -1.3035e+00, -2.6142e+00,  1.1108e+00,
        -6.5340e-01,  1.4318e+00, -1.1868e+00, -1.6577e+00, -2.2192e+00,
         7.4783e+00, -2.1710e+00,  1.9138e+00, -1.9078e-01,  8.4008e-01,
        -3.1051e+00, -1.5379e+00, -2.2783e+00, -2.7775e+00,  4.2136e-01,
         3.0024e-01, -8.9191e-01, -9.5037e-01,  3.9480e-01, -4.6456e+00,
        -2.5830e+00, -4.2035e-01, -1.7657e+00,  3.6674e-02,  1.8359e+00,
        -2.6728e-01,  2.4100e+00,  2.0462e+00,  4.7648e+00, -1.7731e+00,
        -4.0348e-01,  1.7530e+00,  5.4627e-01,  6.8631e+00,  4.5088e+00,
         2.1005e-01,  3.7792e+00,  3.3146e+00,  1.2807e+00, -2.1633e+00,
        -3.1977e+00,  5.2015e-01, -3.0126e-01,  6.2236e-01,  7.6672e-01,
         2.2874e-01, -2.6323e-01,  4.8237e+00, -4.7539e+00, -1.0875e+00,
        -1.6319e-02, -6.0721e+00,  3.7144e+00, -4.4327e+00, -2.0134e+00,
        -6.8266e+00,  1.0198e+00,  5.5190e+00,  3.9361e+00, -2.8865e-01,
        -3.4722e+00,  2.5067e+00, -4.7094e-01, -5.1736e+00,  3.1130e+00,
         3.1887e+00,  8.6111e-01, -2.1782e-01, -2.7009e-01,  1.2263e+00,
        -1.0514e+00, -1.9008e+00,  1.7372e-01, -1.0931e-02,  4.8220e+00,
         1.2868e-01,  1.3831e-01,  1.7943e+00, -7.0705e-01,  3.6758e+00,
        -1.7723e+00,  2.7161e+00,  3.5289e+00, -7.2300e-01, -2.9228e+00,
         2.0128e+00, -1.6043e+00, -5.1037e-01, -2.2832e+00,  2.2649e+00,
         5.8836e-01,  2.1207e+00, -2.6262e+00, -2.7053e+00,  2.5267e+00,
         6.6894e-01, -3.5050e+00,  5.4832e-01, -2.3499e+00,  4.8561e-01,
        -5.0675e+00, -3.0647e+00,  2.6686e+00,  2.1587e+00, -1.5674e+00,
        -2.3774e+00, -3.0655e+00, -3.1899e+00,  4.3498e+00,  9.7160e-01,
        -2.1585e+00, -2.5864e+00,  4.0888e-01,  2.1924e+00,  1.7477e-01,
         1.4488e-01, -1.8024e+00,  1.8021e+00, -1.1297e-01, -3.2491e+00,
        -1.6812e+00, -2.5567e+00,  3.9814e-01, -2.1821e+00, -2.6201e+00,
         5.5061e+00,  1.9693e+00,  2.6500e+00,  7.4452e-01, -5.7086e+00,
        -2.7745e+00, -4.8995e+00,  4.6321e+00, -1.2477e+00, -1.7980e+00,
         2.8742e+00, -2.7677e+00,  1.9717e+00,  3.1629e+00,  1.5403e+00,
        -6.9408e-01, -2.9532e-01, -1.9787e+00, -1.9434e+00, -2.6701e+00,
        -1.7203e-01,  2.2599e+00, -1.5688e+00,  9.6414e-01, -2.6331e+00,
         3.1581e+00, -1.5023e+00,  5.6245e-01, -1.1037e+00,  1.9685e+00,
        -1.2277e-01,  2.9041e+00,  3.5898e+00, -3.0201e+00, -2.3594e+00,
         3.1610e+00, -4.2525e+00,  8.2306e-01, -9.9033e-01, -4.7398e+00,
         5.8079e-01,  4.0785e+00, -8.1782e-01, -5.1105e+00,  7.8125e-01,
         4.3517e-01,  5.6441e+00,  1.0071e+00,  1.7554e+00, -2.1917e+00,
         2.7868e+00,  2.1922e+00,  1.4800e+00, -2.8724e+00,  5.9470e-01,
        -3.1724e+00,  7.3239e-02, -5.0950e-01,  5.8425e-01, -5.7006e+00,
         6.3716e-02, -2.2243e+00,  3.7956e+00, -1.7990e+00, -1.4505e+00,
         1.8216e+00, -2.7209e+00,  5.8889e+00,  1.9869e+00, -2.6258e-02,
         7.3930e-01, -1.3369e-01, -3.0446e+00, -1.4408e+00,  1.0333e+00,
        -4.0208e+00, -1.9909e+00,  1.4055e-01,  1.2116e+00, -1.4185e+00,
        -2.6818e+00,  6.0207e+00, -2.4520e+00,  4.3051e+00,  1.2531e+00,
        -2.3977e-02,  5.9979e+00, -2.0607e+00,  1.0735e+00,  2.2809e+00,
        -5.0150e+00,  3.6091e-05, -1.3551e-01,  6.6021e-01,  1.6781e-01,
         5.8982e-01,  9.5725e-01, -1.5763e+00, -1.9003e+00, -7.9087e-01,
         1.0685e+00, -6.8816e+00, -2.1386e+00,  4.8292e-01,  2.9531e-01,
         1.8665e+00,  5.8298e+00,  4.5803e-01, -1.3996e+00,  4.4647e+00,
        -1.0657e+00, -4.2133e+00, -4.2401e+00,  2.1352e+00,  1.6959e+00,
         4.2120e-01,  5.3372e+00, -6.0818e-01,  1.6367e+00,  1.7855e+00,
         2.8052e+00, -3.9094e-01,  4.6213e-01,  5.7967e+00,  3.2190e+00,
        -1.3250e+00,  3.0262e-01, -2.6565e-01, -1.4323e+00, -9.7272e-01,
         2.2268e+00,  3.4212e+00,  2.5745e+00,  6.9120e-01,  5.5996e+00,
         2.7989e+00, -3.8040e-01,  3.0728e+00, -2.2353e+00, -1.7351e+00,
        -6.3102e+00,  4.3604e+00, -4.8137e-01,  1.5728e-01,  9.6112e-01,
        -1.1166e-01,  2.4224e+00, -5.3294e-01, -2.3296e+00,  1.0476e+00,
         4.3313e+00,  1.9172e+00, -6.2176e-01,  3.4155e+00,  1.4820e+00,
         1.1306e+00, -1.6246e+00, -5.5475e+01, -1.7505e+00,  1.0609e+00,
         2.8340e+00,  6.2288e+00,  1.2662e-01, -7.1853e+00, -1.2070e+00,
        -1.3964e+00, -4.4516e-01, -5.0036e-01,  1.5717e+00,  6.2163e-01,
        -3.2067e+00, -1.3451e+00, -1.3581e+00,  1.8070e+00, -4.7336e-01,
         2.4590e+00, -3.6084e+00, -9.9617e-01,  6.4434e+00,  2.4766e+00,
        -1.5356e+00, -1.2947e+00,  9.0275e-01, -3.0499e+00, -4.8156e+00,
         3.9491e-01,  3.5863e+00,  7.5301e-01,  2.6480e+00, -1.0593e+00,
        -9.9311e-01,  2.8323e+00,  4.4659e+00, -6.7652e-01,  2.3325e+00,
        -2.9830e+00, -6.7656e+00,  7.3392e+00, -3.0893e+00, -6.0249e-01,
        -2.9013e+00, -4.8815e-01,  1.0680e+00, -2.5179e+00,  7.5204e-01,
        -3.2115e+00,  1.3056e+00,  8.0596e-01,  1.4064e+00,  3.2439e+00,
         1.0791e+00, -6.2701e-02,  1.4107e+00, -2.2208e+00,  1.9252e+00,
        -1.5743e-01, -1.5055e+00,  4.9825e+00,  3.6406e-01,  3.0049e+00,
        -1.0623e+00, -5.6857e-01,  1.3000e+00,  2.1686e-01,  2.8484e+00,
         7.9037e-01,  2.5971e+00, -2.4687e+00,  6.0071e+00, -2.9748e+00,
         4.4435e-01,  2.5358e+00, -5.0054e+00, -5.9519e-01, -5.1352e-01,
        -6.4958e-01, -6.6164e+00, -1.4811e+00, -2.6317e+00, -1.7993e+00,
        -3.1523e+00,  2.4382e-01,  2.1890e+00, -3.6344e-01, -1.8552e-01,
         1.3345e+00, -1.0032e+00,  1.4858e+00,  3.8777e-02,  2.3686e+00,
         2.5263e+00,  1.0907e+00,  6.7981e-01,  3.0466e-01, -1.2926e+00,
         9.2424e-01,  1.0733e+00,  1.2912e+00,  1.3406e+00, -6.4274e-01,
         3.1127e+00, -3.6647e+00,  7.0639e-01,  5.1278e+00, -1.8671e+00,
         2.1041e+00, -2.8954e+00,  1.8930e+00,  5.4852e+00,  2.9952e+00,
         2.5845e+00,  4.1750e+00, -3.8656e+00,  1.7379e+00, -1.9774e+00,
         1.7710e+00, -1.4478e-01, -1.5933e+00,  6.6992e-01, -4.6880e-01,
         1.6734e+00,  1.4488e+00, -2.8041e-02, -3.8516e+00,  5.4326e+00,
         2.7796e+00, -2.7926e-01, -1.5535e+00, -2.3814e+00, -2.5990e+00,
         6.6773e+00,  2.0111e+00, -3.1158e+00, -3.2853e+00, -1.1743e+00,
        -3.7914e-01, -4.4635e+00, -6.1506e+00,  3.4979e-01,  3.0146e-01,
         1.7129e+00, -1.8775e+00,  4.2672e-01,  1.3756e+00, -1.0750e+00,
         2.4623e+00, -4.4677e-01, -5.0218e+00, -5.3517e+00,  2.8938e+00,
         6.2154e-01,  3.1823e-01, -4.2887e+00,  4.8621e+00,  6.9208e+00,
        -1.9095e+00, -2.2483e+00, -6.7421e-01,  1.6437e+00,  2.5519e+00,
         3.3867e-01, -1.0656e+00,  3.9834e+00,  2.3565e+00,  2.6000e+00,
        -3.8180e-01,  9.2909e-01,  1.7653e+00, -2.3157e+00, -2.3205e+00,
        -1.5982e+00,  3.8747e+00,  3.3354e+00, -3.5761e+00, -4.2356e-01,
        -6.1359e+00,  2.0249e+00,  2.9017e+00,  2.2154e+00, -4.6323e+00,
        -6.8333e-01, -2.3853e+00, -3.4926e+00, -1.1067e-01, -1.3025e+00,
         3.2856e+00,  9.4634e-01,  3.6696e+00,  1.6410e+00, -4.1683e+00,
         6.1661e+00, -3.9352e+00,  1.6398e+00,  2.1482e+00, -1.9586e+00,
         1.6076e+00, -2.1101e-01, -4.4905e+00,  7.6573e-01, -2.1952e+00,
         7.2674e-01, -3.1984e+00,  2.3980e+00,  1.0713e+00,  2.3677e+00,
        -2.7714e+00,  9.7489e-01,  7.0328e-01])"
Alice opened the door and found that it led into a small passage,opened,"tensor([ 5.7523e+00,  7.5140e-01,  1.9922e+00,  7.1842e-01, -3.3296e+00,
        -5.9685e+00, -1.4720e+00, -1.4680e+00,  1.1153e+00, -1.9632e+00,
        -3.4764e+00,  2.3691e+00, -1.4386e+00, -1.3246e+00,  5.6940e-01,
        -8.8543e-01, -1.1020e+00, -9.6967e-01, -7.2497e-01,  1.4423e+00,
         7.6832e-03,  8.6940e-01,  1.5638e-01,  1.6637e+00, -2.1426e+00,
        -3.8060e-01,  2.2586e-01,  2.1629e+00,  2.5654e+00,  1.4010e+00,
        -3.5717e+00,  1.1841e+00, -1.6911e+00, -1.0499e+00,  2.1122e+00,
         3.2274e+00,  4.8672e-02, -8.9075e-01,  9.2113e-01,  1.7187e+00,
         4.8095e-01, -7.3829e-01, -1.2724e+00,  1.1845e+00, -3.4090e+00,
         5.6548e-01,  3.2281e+00,  3.9852e+00,  5.9264e-01,  1.3125e+00,
         5.6597e+00,  4.1263e+00,  1.2002e+00, -2.4293e+00,  7.0103e-01,
        -2.2185e+00, -1.0204e+00, -2.1453e+00,  1.2594e-01,  3.0325e+00,
         4.0623e-01,  3.5416e+00,  9.7419e-01, -6.2679e-02,  3.8855e+00,
         6.1739e+00, -4.5380e+00, -1.0156e+00, -1.7156e+00, -2.5649e+00,
         1.4815e+00, -1.7038e+00,  1.2285e-01, -3.0693e+00, -4.7761e+00,
        -5.4308e-01,  7.7970e-01, -4.9263e+00, -1.4795e-01, -1.6427e-01,
         9.2559e-01, -3.0940e+00,  5.3056e-01,  4.6849e+00,  3.1183e+00,
         1.5668e+00,  9.2039e-01, -1.9731e+00,  5.3264e-01,  6.7111e-01,
         3.8171e-01, -4.6188e+00, -2.8173e+00, -3.4252e+00,  4.8092e+00,
         2.0195e+00, -2.1961e+00,  8.9319e-02, -4.2628e+00, -1.9781e-01,
        -2.3665e+00,  3.6794e-01,  1.8092e+00, -1.2576e+00, -1.7453e+00,
         3.5181e+00, -3.2142e+00, -1.5058e+00,  4.5520e-01,  2.5496e+00,
         4.2412e-01,  6.8422e-01,  5.2197e-01,  4.5305e+00,  1.7517e+00,
        -1.6124e+00, -1.0279e-01,  2.2766e+00, -1.4574e+00, -6.3331e-01,
        -2.8752e-01, -3.1674e+00, -2.4940e+00, -1.0529e+00,  4.1435e-01,
        -2.5563e-01, -2.8343e+00, -1.8285e+00, -1.5147e+00, -2.3235e+00,
         1.5932e-01, -3.2476e-01,  3.2385e-01,  9.6534e-01,  2.2317e+00,
        -2.6989e+00, -5.3332e+00,  5.2684e-01, -5.2246e+00,  2.0936e+00,
         9.3272e-01, -4.7630e-01,  5.1262e+00,  2.2307e-01,  1.7717e+00,
        -1.2927e+00,  3.9455e-02,  1.6139e+00, -5.1910e+00,  6.8499e+00,
        -2.3309e+00, -1.1369e+00, -2.8694e+00, -4.1011e-01, -1.2574e+00,
        -3.6202e+00, -3.2569e+00, -1.4120e+00,  4.9518e+00,  2.1998e+00,
        -1.2343e+00,  4.2955e+00, -1.2771e+00,  7.3168e-01, -3.1408e+00,
         1.0273e-01, -1.0746e+00,  2.1926e-01,  1.0736e+00, -9.1181e-01,
        -1.3514e+00,  2.0922e+00,  1.4722e+00, -4.1715e+00, -1.4861e+00,
         2.5865e+00,  4.9856e+00,  9.2038e-03, -1.9406e+00,  3.6847e+00,
        -1.3457e+00,  4.1173e+00,  5.1786e-01, -1.5119e-01, -6.8890e-01,
         6.3963e-01, -1.8537e+00, -3.7589e+00,  1.9241e+00,  9.3544e-03,
         1.7058e-01,  4.9475e-01,  1.3641e+00, -1.0321e+00, -3.6031e+00,
         3.9444e+00, -1.4021e+00, -9.1551e-01,  5.7592e-01, -1.8908e+00,
         1.4222e+00, -4.3896e-02, -1.4154e+00, -9.8148e-01,  1.0137e+00,
        -5.1801e-01,  1.8977e+00, -7.5405e-01,  1.1475e+00,  1.0749e+00,
        -5.4966e-01, -4.6355e+00,  1.3282e-01, -3.3514e+00, -1.8765e+00,
         2.0685e+00,  2.9127e+00,  3.4814e+00,  8.1830e-01,  2.1030e+00,
        -3.7359e+00,  6.5706e-01,  5.3791e-01,  3.3401e+00,  1.1583e-01,
        -1.3307e+00, -6.8134e-01,  1.3548e+00,  1.9311e+00, -1.1632e-01,
        -1.2993e+00,  1.9647e+00,  2.3821e+00,  2.9256e-02, -2.8067e-02,
        -2.3436e+00,  3.2308e+00, -3.2798e+00, -2.5799e+00, -2.3126e+00,
         1.1197e+00,  2.9204e-01,  1.0981e-01, -2.1058e+00,  3.5167e+00,
         2.8159e+00,  3.3335e+00,  1.0270e+00,  2.8205e+00,  1.3275e+00,
        -2.5217e+00, -1.5498e+00, -7.2597e+00,  2.9250e+00, -5.3472e+00,
         3.1109e-01, -4.5948e-01,  1.1047e+00,  1.2627e+00, -1.0378e+00,
        -6.0807e-01,  1.6120e+00,  1.8621e+00, -1.3926e+00, -2.9209e+00,
        -1.8529e+00,  2.2435e+00,  2.5115e+00,  1.7513e+00,  1.0839e+00,
         3.2642e+00, -2.5331e+00, -1.3389e+00, -3.1911e-01, -8.3475e-01,
         8.6612e-01,  1.1727e+00, -2.6006e+00,  5.1668e-01,  1.9823e+00,
        -3.5150e+00,  5.2936e-01, -2.3777e+00,  2.2346e+00,  1.7945e+00,
        -4.0274e+00, -1.0053e+00,  5.5905e+00,  3.0811e+00, -1.2201e+00,
        -7.5929e-01, -2.2551e+00, -3.1544e+00, -1.5760e+00,  3.5985e+00,
        -4.1484e+00,  1.5297e+00, -1.3303e+00, -2.3166e+00,  2.1267e+00,
        -6.6302e-01,  4.1692e+00,  1.0668e+00,  4.1677e+00,  1.2205e-01,
        -8.9114e-01,  3.1322e-01,  3.9489e+00, -5.0873e-01,  1.4388e+00,
         2.7901e+00,  1.8487e+00,  8.3599e-01, -3.0442e+00,  1.4261e+00,
         1.9643e+00,  2.3923e-01,  9.8639e-01,  4.0129e-01,  1.0875e+00,
         4.0513e+00, -1.4238e+00,  1.4192e+00,  1.8107e+00,  4.6486e-02,
         3.5559e+00, -1.4123e-01, -2.7733e+00,  2.0163e+00,  2.1972e-01,
        -2.6878e+00, -2.3907e+00,  4.2821e+00,  2.3437e+00,  1.4586e+00,
        -4.7539e+00, -1.6865e+00,  1.5673e+00, -4.3582e+00,  9.2380e-01,
        -7.3115e-01,  2.0958e+00,  4.3268e-01, -3.8824e+00,  2.6541e+00,
        -9.5926e-01, -5.3282e-01,  1.7709e+00,  2.0406e-01, -2.5550e-01,
        -2.3144e+00,  4.2760e-01,  2.8399e+00, -1.6281e+00,  1.4213e+00,
        -1.1847e+00, -2.0905e+00, -1.6253e+00, -2.7113e+00, -1.2360e+00,
        -7.4401e-01, -2.6786e+00,  2.8349e+00, -2.6673e+00, -2.0005e+00,
        -4.7781e+00, -3.3330e+00, -1.6299e+00, -3.9662e+00, -1.2864e+00,
         1.7982e+00, -7.0974e-01,  5.1011e+00, -2.1227e+00,  2.5864e+00,
         1.1967e+00, -2.7463e+00, -3.3866e+00,  3.4098e+00, -7.8147e-01,
         1.8747e+00,  2.9961e-01,  2.7698e+00, -2.6744e-01,  1.4687e+00,
         3.4693e+00, -1.6547e-01,  2.1295e+00, -6.9377e-01,  1.3886e+00,
         2.1480e+00,  2.1689e+00,  3.4626e+00, -5.5092e-01,  4.9667e+00,
        -4.4385e+00, -4.8639e+00, -7.2879e-01, -6.4158e-01, -7.5999e-01,
         9.1820e-01, -1.6623e+00,  1.0494e+00, -1.0290e+00, -4.1534e+00,
         1.9796e+00,  1.4911e+00,  2.6185e+00, -2.2427e+00,  2.6511e+00,
         8.9377e-01, -2.9361e+00,  8.3231e-01,  3.7121e+00,  5.8645e+00,
        -9.9844e-02, -1.8497e+00, -1.8060e+00, -7.0361e-01, -8.9229e-01,
        -3.7262e+00, -2.5667e+00,  9.9315e-01,  2.7792e+00,  2.2769e+00,
         4.4882e-01, -1.7296e+00,  1.2603e+00,  3.3379e-01,  1.6039e+00,
        -4.3002e+00,  2.4297e+00,  2.4747e+00,  2.0279e+00, -2.5038e+00,
         1.1029e+00,  4.2248e+00, -3.9531e+00,  1.3335e+00, -5.7889e+00,
         8.0237e-01, -1.2296e-01, -4.1818e+00, -2.9162e+00, -2.7366e+00,
        -8.3142e-01, -3.0316e+00, -3.6769e+00, -3.2094e+00, -1.6663e-01,
         3.4598e+00,  8.5073e-01, -2.3965e+00,  1.1512e+00, -1.5613e+00,
        -1.0017e+00, -1.2998e+00,  2.3060e+00,  6.4901e-01, -1.9448e+00,
        -1.6744e+00, -1.3116e-01,  6.1105e-01, -4.1164e-01,  5.4012e-01,
        -3.6452e-01,  1.7509e+00,  4.5370e+00, -4.6107e+00,  1.2033e+00,
        -9.0774e-01,  2.9069e+00, -2.8646e+00, -1.3278e+00,  1.3982e+00,
        -3.8421e+00, -1.0084e+00, -1.8550e-01,  1.3618e+00, -3.6811e+00,
        -1.8275e+00,  2.3099e+00, -6.1795e+00,  1.1340e+00,  1.2578e-01,
         7.7275e-01,  5.1488e+00,  3.1011e-01,  6.0294e-01,  3.6372e+00,
        -3.1049e+00, -4.0261e+00,  3.3283e+00,  4.0870e+00, -4.0476e+00,
        -1.3892e+00, -3.6797e-01, -9.9056e-01, -4.2282e-01, -7.6062e-01,
        -6.1220e-01,  1.1777e+00, -6.7893e-01,  4.1573e-02, -4.6770e+00,
         1.0266e-01,  8.9372e-01, -1.4935e+00, -1.2419e+00,  1.2500e+00,
         3.3110e-01,  1.2961e+00, -2.0100e+00,  3.9739e+00,  1.7233e+00,
        -3.3491e-01, -7.8136e-01,  4.1289e-01,  2.1249e+00, -3.5462e+00,
         1.1638e+00,  1.3498e+00, -3.3527e-01,  1.7522e+00,  1.7074e-02,
         1.5012e-01,  5.8570e+00, -6.5844e+00, -4.1082e+00, -2.5191e+00,
        -5.2074e-02, -2.1044e+00,  2.6585e+00,  2.5804e+00, -2.6868e-01,
         1.9031e+00, -4.3809e+00, -3.7994e+00, -1.6745e+00, -4.0713e-01,
        -1.5282e+00, -1.7620e-01,  3.7826e+00, -2.2618e+00, -4.5928e+00,
         4.9574e-01, -1.6434e+00,  2.4568e+00, -2.2701e+00, -2.5564e+00,
         1.0091e-01, -1.9076e-01, -2.9646e+00, -2.1423e+00,  1.0261e+00,
         2.9609e+00, -2.7691e+00, -6.9247e+01, -1.0656e+00,  1.5326e+00,
        -3.6489e+00, -2.3239e-01, -3.9056e-01,  2.2931e+00, -8.0645e-01,
        -4.0761e-01, -1.4984e+00,  9.8907e-02,  1.8102e+00,  1.2023e+00,
        -1.3024e+00,  3.1959e-02,  4.0707e+00, -5.3439e+00,  5.9920e+00,
        -1.9002e+00, -1.2604e+00, -1.3672e+00,  3.4214e+00,  3.8614e+00,
         4.4055e+00,  2.1948e+00,  3.9510e+00,  1.4869e+00, -2.0241e-02,
         5.7926e-01,  8.9265e-01,  1.1281e+00, -8.3784e-01, -2.3134e+00,
         2.3112e+00,  2.7940e+00,  2.2169e+00,  1.6196e+00,  1.1612e-01,
        -8.7301e-01,  2.9681e+00, -2.1436e+00,  1.6555e+00,  3.2590e-01,
         1.7517e+00,  4.9182e-02, -2.5088e+00, -1.9326e+00, -9.3664e-01,
         1.9403e+00,  2.6089e+00,  9.2072e-01, -8.1911e-01,  6.0348e-01,
        -1.0909e+00,  1.6097e+00,  2.7371e+00, -7.7090e-01,  6.1413e+00,
         4.7058e-01, -2.7226e+00, -2.0800e+00, -2.0879e+00,  1.0560e+00,
         2.1843e+00, -7.5798e-01,  3.8540e+00, -7.2874e-01, -1.5400e+00,
         4.0568e+00,  3.9836e+00,  6.8225e-01, -3.2820e+00, -2.6426e+00,
         2.0340e-01, -1.9150e+00, -8.6281e-01,  8.0203e-02, -1.8873e-01,
        -1.6786e+00,  2.8877e+00, -5.4262e+00, -1.3990e+00,  2.0112e+00,
         4.2093e+00, -3.7578e+00, -1.8480e+00, -2.0467e+00,  4.6573e-01,
        -6.7299e-01,  1.3077e+00, -1.6301e-01,  8.8529e-01,  2.2319e+00,
        -3.0942e+00,  3.8681e+00,  1.4411e+00, -2.9199e-01, -8.8233e-01,
        -5.5328e+00,  1.3611e+00,  3.7019e+00, -4.6372e+00,  7.1460e-01,
        -4.3480e+00,  4.2252e-01, -7.7066e-01, -1.4141e+00,  3.1795e+00,
         1.7916e-01, -1.2118e+00, -2.0077e+00, -1.4235e+00,  3.6224e+00,
         3.2907e+00,  7.8370e-01,  1.5588e+00,  4.5237e+00,  1.5809e+00,
         1.3123e+00, -5.3385e-03, -2.0517e+00,  1.5147e+00, -5.0817e+00,
         9.5182e-02,  1.3344e+00,  1.2917e+00, -4.3078e+00,  2.0234e-01,
         1.8774e+00, -2.4912e+00,  8.9311e-01, -3.6476e+00,  1.5235e-01,
         2.4190e+00, -3.1912e+00,  6.3396e-01,  4.7239e-01,  2.6600e+00,
         3.6919e+00,  3.2091e+00,  4.2756e-01, -5.4950e+00,  1.9776e+00,
         4.1166e+00,  1.5238e+00,  3.2082e+00, -1.8996e+00, -2.3725e+00,
        -1.2236e+00, -1.0369e+00, -3.2876e+00, -4.6929e-01,  7.4663e-01,
        -4.9817e-01, -1.1577e+00, -2.0459e+00,  1.9952e+00,  4.8727e-01,
        -2.5028e+00,  4.8260e+00, -1.7941e+00, -1.5841e+00,  1.6931e+00,
         1.8798e+00,  2.6850e+00, -2.1617e+00, -2.5751e+00, -2.1523e+00,
        -4.5599e-01,  2.2102e+00, -3.8994e+00, -1.6049e+00,  3.5867e+00,
         1.4159e+00,  1.9134e+00, -1.3405e-01, -3.5618e+00,  1.8155e-02,
         1.2823e+00,  2.0368e+00, -5.4615e+00, -2.1228e+00, -6.4043e-01,
         7.1004e-01,  1.0086e+00,  3.7838e+00,  5.2010e-01, -9.6947e-01,
         4.0599e-01,  2.4667e+00,  6.0873e-01, -2.4745e-02, -1.5716e+00,
        -1.7543e-01,  2.2138e+00,  3.6704e+00, -4.8811e-01, -4.3189e+00,
        -2.5341e+00, -2.6820e-01, -4.4430e+00, -3.8264e+00,  3.0310e+00,
         1.6102e+00, -3.8295e+00,  1.4436e-01,  2.1334e+00,  3.1964e+00,
         6.1548e+00,  2.8875e+00,  1.4014e+00])"
"The Rabbit started violently, dropped the white kid gloves and the fan, and skurried away into the darkness as hard as he could go.",dropped,"tensor([-1.3892e+00,  1.5057e+00, -3.3269e+00,  2.5760e+00,  2.5745e+00,
        -2.5492e+00,  6.6323e-01,  1.8907e+00, -6.8041e+00,  2.2015e+00,
        -3.4893e+00,  2.6543e+00,  1.4680e+00, -5.0787e-01, -2.0071e+00,
         4.3647e-01, -2.5876e+00, -2.0536e+00,  1.7779e-01,  3.4525e-01,
        -1.8425e+00, -1.2029e+00, -7.4237e+00, -3.2638e+00,  7.2013e-01,
         3.1447e+00,  2.1569e+00,  3.0221e+00, -6.2203e-01,  2.3069e+00,
         1.2953e+00, -1.4876e+00,  2.8889e+00,  3.3456e-01,  5.5470e-01,
        -1.0794e+00,  4.8744e-01, -5.8358e-01,  1.4336e+00, -1.5809e-01,
         5.5773e+00, -1.2832e+00, -8.5769e+00,  2.2076e+00,  2.2232e+00,
        -1.2798e+00, -6.1426e-01,  4.7995e+00,  1.7997e+00,  1.8556e+00,
         1.7191e+00,  3.6955e+00,  3.3427e+00, -2.9201e+00,  1.2133e+00,
        -8.8072e-01, -3.4669e+00,  1.0904e+00, -3.0766e+00, -7.9222e-01,
        -5.4693e-01, -4.8760e-01, -9.7333e-01, -3.6977e+00, -2.0289e-01,
         1.9794e+00, -2.3528e+00,  3.6748e+00, -3.0039e-01, -1.0190e+00,
         4.5862e+00, -4.8685e+00,  3.9126e+00,  6.1713e-01,  1.8865e+00,
         2.5725e+00,  2.3219e-02, -2.5488e+00, -4.1657e+00, -3.9974e+00,
         2.1592e+00,  2.0783e+00,  3.5667e+00,  1.9734e+00,  2.1958e+00,
         1.9780e+00, -4.1570e+00, -1.1055e+00, -1.6884e+00,  2.1061e-01,
        -1.8909e+00, -3.3092e+00, -4.6497e+00, -1.3525e+00, -8.3130e-01,
        -3.4234e+00, -6.7128e+00, -9.8483e-01, -7.8259e-01,  2.7819e+00,
         2.9428e+00, -1.9992e+00, -2.6607e+00,  8.9409e-02, -7.2845e-01,
         3.7624e+00, -3.3491e+00, -3.3027e+00,  7.8667e-01, -2.0127e+00,
        -2.6333e+00, -5.9026e-02, -1.2047e+00,  1.8017e-01, -1.2988e-01,
         3.9171e+00,  1.6487e+00,  1.4782e+00, -5.8013e-02, -1.8615e+00,
        -1.9901e+00,  2.1648e-01, -3.9233e-01,  1.8539e+00,  3.9620e+00,
        -3.9250e-01, -1.1075e-01,  1.7064e+00,  5.2153e+00, -3.4961e+00,
         8.3026e-01, -4.4794e+00, -2.0904e+00,  5.3009e-01, -2.1028e+00,
         3.2101e-01, -1.1218e+00,  2.7058e+00, -3.3725e+00,  1.0994e+00,
        -6.9539e-01, -3.0076e-01,  2.8932e-01,  1.3244e+00, -4.6327e+00,
         1.0215e+00,  6.8164e-02, -1.2457e+00,  4.2078e+00,  1.4724e+00,
        -6.5452e+00, -1.4683e+00, -3.5218e+00,  2.0608e-02,  1.1750e+00,
        -5.6225e-01,  2.9726e+00,  3.7160e-01,  1.6728e+00, -1.6365e+00,
        -1.2178e+00,  1.3851e+00,  3.1954e+00,  1.6709e+00,  2.2568e+00,
        -4.7564e-01,  2.7202e+00,  1.6941e-01, -2.8755e+00,  1.5273e+00,
         1.7940e+00,  3.1551e+00,  3.3451e-02,  1.2411e+00, -7.8577e-02,
         5.4482e+00,  1.9084e+00, -5.6828e-01, -2.2416e+00, -1.6181e+00,
        -2.2057e+00,  1.7092e+00,  2.3201e-01,  4.7492e-01, -5.1708e-01,
         3.7787e+00, -1.0536e+00,  2.0867e+00,  3.8051e+00,  2.9708e+00,
        -1.4361e+00,  2.2443e+00,  2.5376e+00,  1.2324e+00,  1.8535e-01,
        -2.0273e+00,  2.3294e+00,  1.7618e+00,  4.3235e+00,  9.5831e-01,
         7.1102e-01,  7.8362e-01, -3.0833e+00, -4.9115e-01,  3.2322e+00,
         4.0082e+00, -4.0700e+00,  2.5518e+00, -3.4066e+00, -1.1353e+00,
         5.1614e-01,  5.3047e-01, -2.0781e+00,  6.0717e+00, -3.3982e+00,
         9.4722e-01,  3.4249e+00,  2.9137e+00,  1.3537e+00,  3.0468e+00,
        -2.8727e-01, -1.2976e+00,  3.3948e+00,  1.5246e-01,  3.2447e+00,
        -1.1739e+00, -3.3004e+00, -6.2228e-02,  1.0609e+00,  8.0681e-01,
        -9.0055e-02, -4.0480e+00,  6.0902e-01, -2.2805e+00,  2.7933e+00,
        -1.4269e+00,  6.1965e-01,  1.4467e+00, -5.9210e+00, -2.0591e+00,
        -4.5531e+00,  1.2196e-01,  5.9026e-01, -1.9497e+00, -1.1351e+00,
        -7.7654e-01,  1.7857e+00,  1.0299e+00, -1.7534e+00,  5.8849e-01,
        -9.3175e-01, -1.4631e+00,  3.3086e-01,  3.1630e+00, -1.0532e+00,
        -2.4509e-01, -1.4793e+00,  4.4650e+00,  2.2477e+00,  1.9251e+00,
        -3.4191e-01,  7.4898e-01,  4.1772e+00,  7.3120e-01, -1.1347e+00,
         2.5092e+00, -1.5273e-01,  4.2931e-01, -6.4565e-01,  1.8717e+00,
        -3.1331e+00, -1.5816e+00, -2.1673e-01, -8.8214e-01, -2.3652e-01,
         4.9300e+00,  2.3757e+00, -1.6895e+00,  1.5321e+00, -1.6835e-01,
         1.3234e+00,  1.3570e-01,  1.3764e+00,  1.3895e+00, -2.1947e+00,
        -1.4364e+00,  3.7791e+00, -1.4537e+00, -2.0361e-01,  4.5543e-01,
        -1.0459e-01,  7.0170e-01, -1.1071e+00, -1.0392e+00, -1.0927e+00,
        -4.5090e+00,  2.7298e-01, -8.5858e-01, -5.9689e-01,  5.6607e-01,
         1.5961e+00,  3.1354e+00, -3.1437e-01,  4.7409e-01, -5.6109e-01,
        -1.3724e+00, -9.7518e-03,  3.0530e+00,  3.6824e+00, -1.3020e+00,
         9.7112e-01,  2.3566e+00, -2.5161e-01, -4.5160e+00, -1.0120e+00,
        -2.6165e+00,  3.0568e+00,  3.3268e-01, -9.8093e-01, -1.1401e+00,
        -1.7410e+00,  5.9930e-01, -2.7162e+00,  1.5153e+00, -3.7634e+00,
        -2.5835e+00, -2.8048e+00, -1.7201e+00,  8.8206e-01, -1.3365e+00,
        -3.5557e+00, -5.5743e-01,  1.1220e+00, -1.3958e-01,  3.3670e+00,
         1.9766e+00,  3.1627e-01,  1.0773e+00,  1.2180e+00,  3.0755e-01,
        -3.1011e+00, -4.0536e+00, -1.3289e+00,  1.7529e-01,  2.4632e+00,
        -2.5408e+00,  1.9664e+00,  3.9170e-01,  1.0571e+00, -2.9487e+00,
        -5.8631e+00, -2.6898e+00,  1.1650e+00,  2.4107e+00,  1.4921e+00,
         1.5564e+00,  1.8762e+00, -3.0518e-01, -4.1150e+00, -2.9474e+00,
         1.9552e+00, -4.5544e+00,  2.7202e+00,  1.8370e+00,  7.6543e-01,
        -2.7703e+00,  3.9884e+00, -9.4745e-01,  4.6672e+00,  1.8482e+00,
         2.6092e+00,  2.4025e+00, -2.3614e+00, -1.7296e+00, -3.6844e+00,
        -6.5650e-01,  2.0417e+00,  9.0538e-01, -6.0970e-01, -1.0623e+00,
         1.9193e+00,  3.1817e+00, -1.8744e+00,  1.0956e+00, -3.8537e+00,
        -2.0680e+00,  3.7370e-01, -8.2090e-01,  1.2253e+00,  1.8667e-01,
        -4.3801e-01,  3.7310e+00,  4.9839e+00,  2.0524e+00,  1.4749e+00,
        -1.1262e+00, -2.7731e+00,  1.4154e+00, -6.6952e-01,  4.1938e+00,
        -5.8548e-01, -3.3196e+00,  7.8520e-01,  3.8725e+00, -9.7627e-01,
        -3.4159e+00, -5.4872e+00, -1.2304e+00,  4.0560e+00,  3.0800e+00,
        -9.9488e-01, -3.9946e+00,  2.1457e+00, -7.1704e-01, -1.5497e+00,
         8.8409e-02, -1.3670e+00,  2.3477e+00, -1.0747e-01,  2.4778e+00,
         3.3509e-01, -1.5137e+00,  3.3350e+00,  3.5616e+00,  7.4837e-02,
        -2.1482e+00, -9.8919e-01,  5.4473e-01, -2.4609e+00, -3.8943e+00,
         1.6789e+00, -1.1453e+00, -5.3891e-01,  1.8753e+00,  1.0814e+00,
        -1.5075e+00, -2.3706e-01, -1.4037e+00, -1.5358e+00,  7.3424e-01,
        -8.7622e-01,  4.6450e+00, -9.3302e-02,  8.6776e-02, -3.0661e+00,
        -4.0003e+00,  5.8251e+00, -4.7337e+00, -2.4306e+00, -2.9405e+00,
         1.4004e+00, -1.7079e+00, -2.6574e+00,  9.2452e-02, -8.4764e-01,
        -2.4838e+00, -1.0292e+00, -1.7557e+00,  1.9633e+00, -1.9291e+00,
         9.7756e-01, -2.5875e+00, -1.8094e+00, -7.7937e-01, -9.8251e-02,
        -1.9598e+00, -6.0950e-01,  1.1608e+00, -1.9936e+00,  1.9988e+00,
         2.6991e+00, -1.9282e-02, -1.4394e+00, -1.9445e+00, -1.6566e+00,
        -1.1548e+00,  7.3894e-01, -2.9449e-01,  8.2488e-01, -2.5937e+00,
        -1.8188e+00,  5.2060e+00,  8.0885e-01, -2.8842e+00, -2.3286e+00,
        -1.4771e+00, -1.2126e+00,  3.8717e-01,  9.6423e-01, -2.5779e-01,
         2.9380e+00,  1.3693e+00,  8.8455e-01, -2.1179e+00,  3.8889e+00,
         7.6607e-01,  2.0465e+00,  1.5431e+00, -9.3387e-01,  1.4111e+00,
        -6.4348e-01, -1.7031e+00,  2.6938e+00,  2.3738e-01, -5.9315e-01,
         1.5188e+00, -3.1070e+00, -3.5717e-01, -2.1171e+00, -1.9074e+00,
        -3.8116e-01, -2.8488e+00, -1.5541e+00,  3.7950e+00,  4.3309e-01,
         8.0411e-01, -7.7514e-01,  2.5762e-01,  5.9371e+00,  4.2742e+00,
         1.4096e+00, -4.2398e+00, -1.9041e+00, -1.3808e+00,  1.5400e-01,
         2.9633e-01,  3.4724e+00, -3.9133e+00,  7.6429e-01,  1.2481e+00,
         1.1552e-01,  3.7150e+00, -1.8209e+00, -4.5070e-01,  2.5811e+00,
         3.8781e+00, -3.9894e+00, -3.9625e+00, -4.3627e+00,  3.1398e+00,
         2.0187e+00,  1.4412e+00,  2.0614e-01,  5.1757e-02, -4.8882e+00,
         6.0290e+00,  7.7308e-01, -5.2932e+00,  2.5654e+00,  2.1792e+00,
         1.5074e+00, -3.4554e-01,  1.6447e+00,  1.6106e-01,  8.5733e-01,
        -6.7942e-01,  2.9491e-01, -6.4485e+01,  8.1786e-01, -2.4456e+00,
         1.3220e+00, -1.1408e+00, -2.2314e+00, -9.8214e+00,  1.4632e-01,
         2.4684e+00, -2.1335e+00,  3.2052e-01, -2.2042e+00,  4.2133e+00,
        -6.5899e-01,  4.3860e+00,  4.1966e+00, -1.8931e+00, -1.8618e+00,
        -8.9529e-01, -4.0790e+00,  2.9473e+00,  2.0556e+00,  1.9766e+00,
        -1.7223e+00,  2.5284e+00,  1.2123e+00,  1.6636e+00, -1.4654e+00,
         2.0111e+00, -3.7034e+00,  1.7945e+00, -4.7888e+00, -6.1519e+00,
         1.3706e+00,  4.3907e-01,  7.5333e-01,  1.2791e-01,  6.7631e+00,
         7.3025e-01, -7.2092e-01, -1.3294e+00,  6.5189e-01, -2.7223e+00,
        -2.2122e-01,  4.8766e+00, -1.9234e+00,  9.7726e-01,  6.9190e-01,
         1.3326e+00, -2.1488e+00,  8.5930e-01, -1.5977e-01,  2.1546e+00,
        -3.5530e+00,  4.9655e-01, -5.9330e+00,  5.5644e-01,  4.8504e+00,
        -2.7650e+00,  4.8212e+00, -4.4330e+00, -1.8842e+00, -5.9695e-01,
        -1.4385e+00,  2.4659e+00,  1.3835e+00,  4.9496e+00,  1.7608e+00,
        -3.3083e+00, -8.4382e-01, -5.1409e+00, -2.6452e-01, -1.0877e+00,
         6.5204e-01, -1.7492e+00, -2.7731e+00,  1.0614e-02, -2.9453e-01,
         3.1165e-02,  3.4953e+00,  2.5318e+00, -1.1870e+00, -1.0466e+00,
         2.4610e+00,  5.3047e-01,  4.4610e-01,  9.6721e-01,  3.4443e+00,
         1.4059e+00,  9.8196e-02,  1.2172e+00,  5.1275e+00, -3.3651e-01,
         9.4483e-01, -6.0129e+00, -1.8968e+00, -2.3844e+00, -8.0492e-01,
         2.1433e+00, -5.4717e-03, -1.6504e-01, -1.9934e+00,  2.0341e+00,
         3.4396e+00, -2.7943e+00,  3.5231e+00,  8.3229e-02, -2.3545e+00,
         5.2680e+00,  4.8374e+00,  6.7847e-01, -3.9657e+00, -1.9316e+00,
         4.4137e+00, -6.9441e-01,  6.0696e+00, -5.1385e-01,  1.0428e+00,
         1.1617e+00,  2.3231e+00, -2.8780e+00, -1.2707e+00,  2.4354e+00,
         7.3656e+00, -9.4045e-01, -4.4006e+00,  3.9414e+00,  1.9994e+00,
         3.9323e-01, -2.0587e+00, -5.0276e+00, -4.3538e+00, -1.4203e+00,
         1.2440e-01,  6.0781e-01, -1.5858e+00,  1.4550e+00,  1.6323e+00,
        -1.4750e+00,  1.7781e+00, -1.4103e+00, -3.3140e+00, -2.8247e+00,
        -9.6094e-02,  1.2056e+00, -2.4649e+00, -1.6456e+00,  3.2757e+00,
        -1.6300e+00,  4.3834e+00, -2.8260e+00, -2.9874e+00, -4.4988e+00,
         1.0116e+00, -2.9280e+00, -2.8044e+00,  3.3759e+00, -2.4985e+00,
         1.7076e+00, -3.2386e+00,  3.3185e+00,  3.6718e+00,  3.4348e-01,
        -4.5513e-01, -3.1694e-01, -1.1803e+00,  2.5353e+00,  5.2049e-01,
         2.9770e+00,  4.8009e+00, -1.9672e+00, -1.9121e+00, -1.4268e+00,
        -7.1403e-01, -1.9097e-01,  1.9912e+00,  1.9482e+00, -3.3920e-01,
         1.4004e+00, -2.2246e+00, -1.5958e+00,  2.6010e+00,  3.9824e-01,
         7.7320e-01, -1.9503e+00, -1.4284e+00,  1.1173e+00, -8.1596e-01,
         3.5436e-01, -1.4272e+00, -1.5131e+00, -1.2369e+00, -4.6306e-02,
         2.9776e+00, -2.7655e+00, -5.0446e-01, -1.6552e+00,  2.1063e+00,
        -5.0872e+00, -2.0344e+00,  5.6284e-01,  2.6314e+00, -1.3986e+00,
        -1.9859e+00,  1.6757e+00, -1.6058e+00,  4.0390e+00, -3.6873e+00,
         2.2622e+00, -4.4026e-03, -4.3246e+00])"
The King and Queen of Hearts were seated on their throne when they arrived,seated,"tensor([-1.7727e+00, -2.2592e+00,  1.8271e+00, -1.2072e+00,  2.5174e-01,
        -1.5058e+00, -1.4839e+00,  3.1893e+00, -2.3257e+00, -1.9137e-01,
        -6.5255e-02, -9.8193e-01, -4.2863e+00,  4.3552e+00, -1.3672e+00,
         7.8950e-01,  1.0534e+00, -8.8083e-01, -2.1750e+00,  2.9961e+00,
         2.5500e+00,  2.6985e+00, -2.2863e+00, -1.7090e+00,  3.0014e+00,
        -2.0540e-01,  3.4885e+00, -6.0356e-01,  4.1760e+00,  3.6038e+00,
         1.4967e+00, -3.3744e+00,  1.2109e+00,  2.2460e+00,  5.2382e+00,
         7.8765e-01,  1.4142e+00, -2.0681e+00, -1.6107e+00,  3.4036e+00,
         3.0651e+00,  4.6703e-01, -5.2363e+00, -1.1457e+00, -2.1608e+00,
         2.1629e+00,  1.5461e+00, -1.0884e+00, -1.0321e+00, -6.7724e-01,
        -4.2633e-01, -1.1090e+00, -1.1578e+00,  2.1547e-02,  2.5190e+00,
         4.9859e-01,  2.4715e+00, -2.4119e+00, -2.0151e-01,  1.8873e+00,
         2.5924e+00,  1.0523e+00,  1.3107e-01, -1.1140e+00,  6.0376e+00,
         3.4570e-01,  2.9379e+00,  8.3189e-01,  4.7651e-01, -2.5031e+00,
         9.2643e-01, -1.7584e-02,  2.4825e+00,  2.0021e+00, -4.2364e+00,
        -4.9638e-01,  1.6096e+00, -1.0781e+00,  1.0743e+00, -3.6091e+00,
         2.4935e+00, -3.0020e-01,  8.0319e-01,  3.1573e+00,  2.9460e+00,
        -5.5966e+00,  1.8752e-01,  3.6147e+00,  6.3316e-01,  2.1316e+00,
        -3.2245e+00,  2.1667e+00,  4.0524e+00, -3.4786e+00,  1.0012e+00,
         1.2757e+00,  2.1542e-01,  7.9978e-01, -1.3318e+00, -1.1937e+00,
         8.7626e-01, -1.4971e+00, -5.5611e-01,  2.5001e+00, -3.7615e-01,
         5.3507e-01,  1.3293e-02,  1.2729e-01,  1.4252e+00,  2.1656e+00,
         2.1065e+00,  1.3639e+00, -6.7289e-01, -8.1037e-01,  2.7473e+00,
         1.9239e+00,  1.4162e+00, -7.2116e-01,  1.6637e+00,  2.2477e+00,
         3.4868e+00, -6.2825e+00, -5.2133e-01,  1.5335e+00,  1.3835e+00,
         1.5386e+00,  1.4014e+00, -2.1091e+00,  8.9654e-01,  1.1026e+00,
        -4.2288e+00,  2.6528e-01,  6.5340e-01, -1.8827e+00, -3.8494e+00,
        -5.6709e-01,  1.5657e-01,  1.4608e+00, -6.0422e+00, -1.7501e+00,
        -4.0909e+00,  2.2833e+00,  1.5800e+00, -2.2919e+00,  4.4429e+00,
        -5.2759e+00, -3.4837e+00, -2.7184e+00, -2.6095e+00,  2.5469e+00,
        -3.6779e+00, -1.5403e+00, -2.1186e+00,  3.2022e+00, -4.9436e+00,
        -3.6521e+00, -2.3447e+00,  3.3039e+00,  2.1613e+00, -1.2797e+00,
         4.0056e+00,  1.7277e+00, -4.2387e-02,  6.0201e-01,  1.7785e+00,
        -1.3557e+00,  5.8840e-01,  8.6150e-01,  1.6841e+00,  1.3019e+00,
         3.5042e+00, -1.5141e+00, -2.4425e+00, -2.6742e+00,  5.2693e-01,
        -4.6227e+00,  4.2064e+00, -3.4614e+00,  9.6467e-01, -2.0788e+00,
        -1.3129e+00,  7.3374e-01, -2.4263e+00,  8.9396e-01,  2.3675e+00,
         1.2878e+00,  3.8634e-01, -1.0787e+00, -3.8917e+00, -1.9416e+00,
         1.1137e-01, -3.0079e+00,  3.5220e-01, -6.7569e-01, -2.0990e+00,
        -1.9423e+00,  7.6869e-01,  1.0675e+00, -5.0864e-01, -1.5970e+00,
         1.0453e+00,  1.0801e+00,  1.5719e+00,  4.5759e+00,  1.1329e+00,
         3.0107e+00, -1.6404e+00,  8.0226e-02, -2.2546e+00,  3.7138e-01,
         2.7444e-01, -2.2058e+00,  1.0971e+00, -3.1166e+00, -2.8281e+00,
         2.5743e+00, -2.5262e+00,  9.8416e-01, -1.0562e+00, -3.0607e+00,
        -3.1147e-01,  3.0935e-01, -4.1820e-01, -3.5588e+00, -9.1003e-01,
        -5.5374e+00,  1.1785e+00,  1.4348e+00,  2.2464e+00, -1.2575e+00,
        -2.5326e-01, -4.0351e+00,  6.6569e-01,  2.8752e+00, -9.7850e-01,
         1.0445e+00, -3.3676e-01, -9.0511e-01,  3.4822e+00,  5.3817e-01,
        -2.0002e+00, -2.7247e+00,  3.1416e+00,  9.6007e-01, -1.3884e+00,
         4.1466e+00,  3.8311e+00, -9.2821e-01,  2.9450e-01, -4.6117e+00,
         1.6746e+00, -2.7775e+00, -5.6100e-01, -2.4092e-01,  1.9597e+00,
        -3.0061e+00,  1.1109e-01, -8.0381e-01,  4.2387e-01, -1.0116e+00,
         1.9213e+00,  5.5877e-01, -2.2933e+00,  2.1145e+00, -2.5282e+00,
        -1.5473e+00,  9.1635e-01,  5.0896e+00, -2.6510e+00,  4.1792e+00,
         1.1292e+00,  2.7458e-01,  2.5300e-01,  7.5264e-01,  7.1239e-01,
         1.9370e-01,  3.4568e+00,  2.0539e+00, -1.5537e-01, -3.9839e+00,
         6.2965e+00, -1.3354e+00, -1.0811e+00,  3.0862e-02,  7.2445e-01,
        -1.9774e+00, -1.1447e-01, -1.2627e+00, -1.2618e+00, -1.0572e+00,
         1.0616e+00, -1.4274e+00,  2.7331e-01, -7.0859e+00,  2.0302e+00,
         5.9850e-01, -2.4353e+00,  4.5684e-01, -1.2007e+00, -4.6210e-01,
         5.8038e-01,  3.3882e+00, -1.5353e+00,  3.1099e+00,  2.1934e-01,
        -1.2078e+00,  9.1505e-01, -2.0455e+00,  2.0042e+00,  5.0817e-01,
         9.1932e-01,  1.7434e+00, -1.1652e+00, -4.1468e-02,  9.7530e-02,
        -2.6041e+00, -4.6764e+00, -2.1558e+00, -1.9940e-02,  2.2801e+00,
         2.2820e+00,  2.3333e+00, -7.7850e-01, -2.3691e+00,  6.5367e-01,
         2.1870e-01, -1.8690e+00, -4.2670e-01, -2.3396e+00,  3.7547e-02,
        -1.0565e+00,  1.3645e+00,  4.5851e-01, -4.9967e+00,  2.7750e+00,
         3.0282e+00, -2.7241e+00, -3.3287e-01, -1.4283e+00, -3.0444e+00,
         2.0597e+00, -3.2158e+00, -3.0292e+00, -5.7051e-01,  5.0035e-02,
         2.0656e+00, -2.6130e-01, -1.3420e-01, -3.0675e+00,  1.3531e+00,
         3.1404e+00,  1.6806e+00, -4.2750e-02,  4.3629e+00,  6.2846e+00,
         7.3092e-01, -2.6719e+00, -1.0396e+00,  2.3539e-01, -2.3810e+00,
        -2.3189e+00, -2.9553e+00, -3.3898e+00,  1.9430e+00, -7.5976e-02,
        -8.2467e-01,  1.3728e+00, -7.0581e-01,  4.8249e-01, -2.0448e+00,
         3.3059e+00, -5.1366e+00,  1.8325e+00, -7.3674e-01, -8.2900e-01,
        -2.2032e+00, -5.0930e-01,  1.0609e+00,  1.1895e+00, -2.3128e+00,
        -2.2763e+00, -7.7392e-01,  2.2843e+00, -4.2184e-01, -1.3656e+00,
         7.1779e-01,  3.6862e-01, -3.4858e+00, -1.2669e+00,  1.4936e+00,
         4.3702e+00,  2.6691e+00, -1.8965e-01,  4.9609e-01,  1.3044e+00,
         1.3159e+00, -1.6155e+00, -7.7112e-01, -3.8825e-01,  7.8109e-01,
         1.0294e+00, -1.8934e+00,  7.4014e-01,  1.7873e-01, -5.1411e-01,
        -1.0985e+00, -6.6314e-01,  2.8480e+00, -3.0902e-01, -1.0632e+00,
         2.3694e-01, -2.3067e+00, -2.2691e+00,  2.7311e+00,  1.2193e+00,
         1.2597e+00, -4.1261e-01,  2.0453e+00,  3.1658e-01, -1.0572e+00,
        -5.9650e-01,  1.7017e+00,  9.2202e-01, -6.6749e-01,  5.9647e-04,
         5.4363e-01,  1.5452e+00, -1.4401e+00, -1.1223e+00, -2.6541e-02,
         1.3798e-01,  7.9631e-01,  2.8033e+00,  1.0883e+00,  2.4073e-01,
         1.2041e+00, -9.3843e-01,  3.2813e+00, -7.8059e-01, -5.1386e-01,
         1.2291e+00,  2.5265e+00,  3.0096e+00,  7.3722e-01, -1.9033e+00,
         7.4374e-01,  1.3106e+00, -7.3260e-01, -7.4429e-01, -9.2378e-01,
         4.3493e+00, -5.1086e-01, -1.0804e+00,  8.4898e-01, -1.9687e+00,
        -2.5918e+00,  3.8807e-01, -3.3135e+00, -1.1168e-02, -2.0339e+00,
         1.7914e+00,  1.4259e+00,  4.9381e+00, -3.6176e+00, -8.6318e-01,
        -4.0376e+00,  1.6144e+00,  9.9990e-01,  7.8635e-02, -3.1432e+00,
         3.3506e+00,  5.3539e-01,  1.4128e-01, -1.0416e-01,  1.1333e+00,
         8.1446e-01,  6.3413e-01, -1.1604e+00, -2.3731e+00, -4.0800e+00,
        -4.6519e-01,  9.3448e-01, -1.2637e+00, -2.5629e+00,  2.0295e+00,
        -1.8943e+00,  6.7067e-01,  1.3157e+00, -1.6544e+00, -1.4396e-02,
        -2.6826e+00, -6.9564e-01,  3.2108e+00,  4.4529e+00, -9.8910e-01,
         4.4977e-01, -1.9490e-01,  2.5813e+00, -2.8749e+00, -6.4225e-01,
        -7.1593e-01,  2.0448e+00,  3.2899e+00, -1.7650e+00, -4.2815e-02,
         3.9127e+00,  3.4010e+00, -1.9126e+00,  9.1830e-01,  1.4284e-01,
         1.2627e+00, -2.3954e+00, -8.1984e-01,  2.5835e+00,  1.4560e+00,
         1.7985e+00, -1.7117e+00,  2.5604e+00, -1.8053e+00, -1.5191e+00,
         4.0041e+00,  1.4310e+00, -5.9307e-01,  8.3393e-01, -8.1289e-01,
         2.8924e+00,  4.0271e+00, -3.4857e+00, -1.8612e+00,  4.5919e+00,
        -3.3648e-01,  6.7431e-01,  9.5267e-01, -1.6888e+00,  3.6613e+00,
        -2.2745e+00, -1.1365e+00, -3.3850e+00, -1.8846e+00,  5.7536e-01,
        -1.6469e+00,  1.8955e+00, -5.2165e-01, -1.4231e-01,  1.0892e-01,
        -2.0360e+00,  4.0761e+00, -6.4747e-01,  3.7223e-01, -3.1301e+00,
         2.2435e-01, -1.3886e+00, -5.1655e+00, -3.7009e+00, -1.8012e+00,
         1.7129e+00, -2.5707e-01, -7.5374e+01, -3.5086e+00, -5.9181e-01,
         2.3395e-01,  1.3401e+00, -1.1822e+00,  2.0416e+00, -5.6056e+00,
        -1.9360e+00,  1.8824e+00, -7.9588e-01, -2.3739e+00, -1.2350e-01,
        -2.3105e+00,  1.9798e+00,  7.0371e-03, -1.6881e-02, -4.3332e-01,
        -5.6315e+00,  2.2764e+00,  4.2480e-01,  1.3888e+00, -6.2503e-01,
         2.4969e+00,  1.5050e+00,  1.5978e+00,  6.7643e-01,  8.0294e-01,
         2.7702e-01,  3.2159e+00, -1.8976e-01,  4.9870e+00, -1.1247e+00,
         2.0806e-01,  2.8621e+00, -5.4804e+00, -2.4931e-01, -1.2552e+00,
        -3.4280e+00,  4.1392e-01,  5.2401e+00, -2.9244e+00,  2.2404e+00,
         3.2180e-01, -5.6378e-02, -4.9237e-01,  3.5354e+00,  1.5814e+00,
        -1.6450e+00,  7.5585e-01,  4.8948e-01,  3.9894e+00,  4.7517e-01,
         1.8256e+00, -1.1976e-01, -1.9624e+00,  8.9013e-01,  1.9909e+00,
        -7.4280e-01, -5.1833e-01, -3.5803e-01, -3.8010e+00,  1.7839e+00,
         3.4193e+00,  5.4180e-01,  1.8666e+00,  3.9099e+00,  2.2101e-01,
         1.4073e-01, -2.7885e+00, -3.9111e+00, -1.1901e+00, -1.8501e+00,
         7.2429e-01, -2.1031e+00, -2.6392e+00, -2.1969e+00, -1.4454e+00,
         4.1786e-01, -2.6041e+00, -2.4835e+00,  1.5196e+00,  1.3896e-02,
        -1.7287e+00,  5.6501e-01,  2.8219e+00, -1.5793e+00,  2.0588e+00,
         3.9698e-02,  1.7128e+00, -4.5865e-01, -5.3191e-01,  3.1610e+00,
        -1.1478e+00, -1.7098e+00,  1.7660e+00,  3.2896e-01,  1.0320e+00,
        -6.1961e-01,  9.6940e-01,  2.1739e+00,  4.5433e-01, -5.5883e+00,
         2.1613e-01, -5.2464e+00,  3.1112e-01,  2.5228e+00, -1.3757e-01,
         1.8361e+00,  1.5098e+00,  3.5210e+00,  1.1071e+00, -2.1366e+00,
        -1.4464e-01, -1.3821e-01,  5.5450e-01, -5.2677e-01,  2.8977e+00,
        -1.4089e+00,  1.6281e+00, -2.9728e-01, -1.4070e+00, -3.6877e-01,
        -5.7686e-01,  1.0238e+00,  5.9862e-01, -4.9300e-01, -1.0156e+00,
         8.5583e-02,  2.8623e+00,  3.5655e+00, -1.2567e-02, -1.6888e+00,
         1.8300e+00,  6.9738e-01,  6.3576e+00, -1.0600e+00,  2.2679e+00,
         2.1118e+00, -3.7389e-01, -3.2440e-01, -6.1453e-02,  1.1513e+00,
        -5.3041e+00,  9.7302e-01, -9.1042e-01,  1.6723e+00,  3.6151e-01,
         6.3343e-02, -1.2638e+00, -1.5968e+00,  2.9296e+00,  5.6297e+00,
        -2.3484e+00, -1.4993e+00, -5.4045e+00,  5.9105e-01,  1.8059e-01,
        -6.7266e+00,  2.3483e+00,  6.2394e-01,  9.5022e-01, -3.8039e-01,
         4.1189e+00, -3.2534e-01,  4.5994e-01, -8.1280e-01,  9.5096e-01,
        -1.7721e+00, -1.4664e+00,  6.1983e-01, -4.0732e-01, -2.5215e+00,
         4.1347e+00, -3.4401e-01,  7.0960e-01,  1.8241e+00, -1.1438e+00,
        -6.1380e-02,  2.0110e-01,  1.7895e+00,  1.5403e+00,  1.4574e-01,
        -2.8695e+00, -3.5545e+00,  1.5898e+00,  2.1232e+00, -1.0880e+00,
         2.2387e+00, -5.7559e-01,  1.1094e+00, -4.9969e-02, -1.7933e+00,
        -1.7996e+00,  8.5031e-01, -2.1184e+00,  1.6744e+00, -4.9319e+00,
        -1.9567e+00, -8.2482e-01,  3.3687e-01, -1.1224e+00,  4.6516e-01,
        -1.8007e-01,  2.1705e+00, -9.9062e-01,  1.5927e+00, -5.6382e+00,
         3.7519e+00, -2.6792e+00,  1.1913e+00])"
